2024-02	873	46	true	cresta/go-servers
2024-02	1038	0	true	cresta/go-servers
2024-02	19	0	true	cresta/cresta-proto
2024-02	55	3	false	cresta/go-servers
2024-02	10	0	true	cresta/cresta-proto
2024-02	18	0	true	cresta/flux-deployments
2024-02	1	0	true	cresta/flux-deployments
2024-02	12	0	true	cresta/flux-deployments
2024-02	5	5	true	cresta/flux-deployments
2024-02	362	29	true	cresta/go-servers
2024-02	4	4	true	cresta/flux-deployments
2024-02	81	0	true	cresta/cresta-proto
2024-03	492	3	true	cresta/go-servers
2024-03	6	3	true	cresta/cresta-proto
2024-03	5	1	true	cresta/go-servers
2024-03	349	27	true	cresta/go-servers
2024-03	8	0	true	cresta/flux-deployments
2024-03	6	0	false	cresta/flux-deployments
2024-03	635	185	true	cresta/go-servers
2024-03	9	2	true	cresta/cresta-proto
2024-03	132	26	true	cresta/go-servers
2024-03	48	8	true	cresta/go-servers
2024-03	3	0	true	cresta/go-servers
2024-03	147	0	true	cresta/cresta-proto
2024-03	4	4	true	cresta/go-servers
2024-03	2	0	true	cresta/sql-schema
2024-03	97	22	true	cresta/go-servers
2024-04	7	0	true	cresta/cresta-proto
2024-04	91	27	true	cresta/go-servers
2024-04	2	0	true	cresta/flux-deployments
2024-04	10	14	true	cresta/go-servers
2024-04	9	5	true	cresta/go-servers
2024-04	9	15	true	cresta/go-servers
2024-04	375	116	true	cresta/go-servers
2024-04	213	23	true	cresta/go-servers
2024-04	19	0	true	cresta/go-servers
2024-04	20	1	true	cresta/go-servers
2024-04	1	1	true	cresta/go-servers
2024-04	2	0	true	cresta/flux-deployments
2024-04	6	0	true	cresta/cresta-proto
2024-04	13	14	true	cresta/director
2024-04	65	3	true	cresta/go-servers
2024-04	118	30	true	cresta/go-servers
2024-04	86	22	true	cresta/go-servers
2024-04	237	63	true	cresta/go-servers
2024-04	298	73	true	cresta/go-servers
2024-04	126	52	true	cresta/go-servers
2024-04	137	57	true	cresta/go-servers
2024-04	276	178	true	cresta/go-servers
2024-04	157	20	true	cresta/go-servers
2024-04	51	3	true	cresta/go-servers
2024-05	7	4	true	cresta/director
2024-05	37	5	true	cresta/director
2024-05	28	0	true	cresta/cresta-proto
2024-05	4	13	true	cresta/director
2024-05	65	17	true	cresta/go-servers
2024-05	45	7	true	cresta/go-servers
2024-05	1603	207	true	cresta/go-servers
2024-05	4	0	true	cresta/go-servers
2024-05	46	10	true	cresta/director
2024-05	15	7	true	cresta/go-servers
2024-05	161	62	true	cresta/go-servers
2024-05	1	0	true	cresta/sql-schema
2024-05	217	66	true	cresta/go-servers
2024-05	1	1	true	cresta/sql-schema
2024-05	705	10	true	cresta/go-servers
2024-05	566	58	true	cresta/go-servers
2024-05	200	5	true	cresta/go-servers
2024-05	1	0	true	cresta/sql-schema
2024-05	4	0	true	cresta/cresta-proto
2024-05	17	2	true	cresta/go-servers
2024-05	95	49	true	cresta/go-servers
2024-05	2	0	true	cresta/flux-deployments
2024-05	29	0	true	cresta/flux-deployments
2024-05	45	7	true	cresta/director
2024-05	22	5	true	cresta/go-servers
2024-05	4	4	true	cresta/flux-deployments
2024-05	74	36	true	cresta/go-servers
2024-05	322	9	true	cresta/go-servers
2024-05	1	1	true	cresta/director
2024-05	11	8	true	cresta/director
2024-05	18	8	true	cresta/go-servers
2024-05	17	10	true	cresta/go-servers
2024-05	7	6	false	cresta/go-servers
2024-05	18	19	true	cresta/go-servers
2024-05	20	5	true	cresta/director
2024-05	3	0	true	cresta/cresta-proto
2024-05	12	16	true	cresta/go-servers
2024-05	4	0	true	cresta/flux-deployments
2024-05	1	0	true	cresta/flux-deployments
2024-05	12	0	true	cresta/flux-deployments
2024-05	2	2	true	cresta/config
2024-05	2	0	true	cresta/flux-deployments
2024-05	6	6	true	cresta/flux-deployments
2024-05	2	2	true	cresta/config
2024-05	39	4	true	cresta/go-servers
2024-05	23	12	true	cresta/flux-deployments
2024-05	5	32	true	cresta/director
2024-06	1	0	true	cresta/flux-deployments
2024-06	12	0	true	cresta/flux-deployments
2024-06	12	0	true	cresta/flux-deployments
2024-06	8	6	true	cresta/go-servers
2024-06	1	0	false	cresta/director
2024-06	1	1	true	cresta/go-servers
2024-06	77	7	true	cresta/clickhouse-schema
2024-06	926	2	true	cresta/go-servers
2024-06	35	0	true	cresta/cresta-proto
2024-06	9	47	true	cresta/cresta-proto
2024-06	542	441	true	cresta/go-servers
2024-06	3	0	true	cresta/cresta-proto
2024-06	18	0	true	cresta/cresta-proto
2024-06	44	148	true	cresta/go-servers
2024-06	0	1	true	cresta/director
2024-06	2	2	true	cresta/go-servers
2024-06	8	0	true	cresta/cresta-proto
2024-06	149	82	true	cresta/go-servers
2024-06	623	251	true	cresta/go-servers
2024-06	3	0	true	cresta/cresta-proto
2024-06	14	4	true	cresta/go-servers
2024-07	4	0	true	cresta/flux-deployments
2024-07	0	4	true	cresta/flux-deployments
2024-07	39	17	true	cresta/go-servers
2024-07	2	2	true	cresta/flux-deployments
2024-07	3	1	true	cresta/flux-deployments
2024-07	3	0	false	cresta/cresta-proto
2024-07	13	0	true	cresta/go-servers
2024-07	47	13	true	cresta/go-servers
2024-07	2	0	true	cresta/flux-deployments
2024-07	59	51	true	cresta/go-servers
2024-07	50	1	true	cresta/go-servers
2024-07	2	1	true	cresta/go-servers
2024-07	17	0	true	cresta/flux-deployments
2024-07	12	0	true	cresta/flux-deployments
2024-07	4	4	true	cresta/flux-deployments
2024-07	2	0	true	cresta/flux-deployments
2024-07	1	1	true	cresta/go-servers
2024-07	1	1	true	cresta/go-servers
2024-07	12	0	false	cresta/flux-deployments
2024-07	12	0	true	cresta/flux-deployments
2024-07	12	0	true	cresta/flux-deployments
2024-07	8	3	true	cresta/go-servers
2024-07	22	2	true	cresta/go-servers
2024-07	2	2	true	cresta/flux-deployments
2024-07	2	0	true	cresta/go-servers
2024-07	1	0	true	cresta/go-servers
2024-07	4	0	true	cresta/go-servers
2024-07	23	5	true	cresta/go-servers
2024-07	64	23	true	cresta/go-servers
2024-07	71	67	true	cresta/go-servers
2024-07	3	0	true	cresta/cresta-proto
2024-07	564	199	true	cresta/go-servers
2024-07	184	0	true	cresta/go-servers
2024-07	1	22	true	cresta/go-servers
2024-07	51	30	true	cresta/go-servers
2024-07	27	18	true	cresta/go-servers
2024-07	44	0	false	cresta/cresta-proto
2024-07	3	0	true	cresta/cresta-proto
2024-07	3	0	false	cresta/cresta-proto
2024-07	27	0	true	cresta/config
2024-08	16	11	true	cresta/clickhouse-schema
2024-08	126	14	true	cresta/go-servers
2024-08	29	1	true	cresta/config
2024-08	6	11	true	cresta/go-servers
2024-08	2	2	true	cresta/flux-deployments
2024-08	1	1	true	cresta/go-servers
2024-08	3	7	true	cresta/go-servers
2024-08	1	28	true	cresta/config
2024-08	109	1	true	cresta/cresta-proto
2024-08	4	4	true	cresta/go-servers
2024-08	0	3	true	cresta/flux-deployments
2024-08	9	2	true	cresta/cresta-proto
2024-08	125	1	true	cresta/go-servers
2024-08	7	1	false	cresta/cresta-proto
2024-08	727	62	true	cresta/go-servers
2024-08	78	13	true	cresta/go-servers
2024-08	10	1	false	cresta/cresta-proto
2024-08	6	13	true	cresta/go-servers
2024-08	1	1	true	cresta/flux-deployments
2024-08	2	1	true	cresta/go-servers
2024-08	11	2	true	cresta/go-servers
2024-08	244	78	true	cresta/go-servers
2024-08	540	55	true	cresta/go-servers
2024-08	240	0	true	cresta/go-servers
2024-08	13	8	true	cresta/go-servers
2024-09	1	1	true	cresta/go-servers
2024-09	2	0	true	cresta/go-servers
2024-09	8	3	true	cresta/go-servers
2024-09	5	8	true	cresta/go-servers
2024-09	5	1	true	cresta/go-servers
2024-09	2	1	true	cresta/go-servers
2024-09	8	6	true	cresta/go-servers
2024-09	6	9	true	cresta/go-servers
2024-09	16	4	true	cresta/go-servers
2024-09	141	137	true	cresta/go-servers
2024-09	136	86	true	cresta/go-servers
2024-09	182	9	true	cresta/go-servers
2024-09	2	2	true	cresta/go-servers
2024-09	1	1	true	cresta/director
2024-09	2	2	false	cresta/director
2024-09	50	171	true	cresta/director
2024-09	2	2	false	cresta/director
2024-09	40	10	false	cresta/director
2024-09	9	0	true	cresta/go-servers
2024-09	0	10	true	cresta/go-servers
2024-09	117	64	true	cresta/go-servers
2024-09	8	3	true	cresta/director
2024-09	1	1	false	cresta/flux-deployments
2024-09	2	0	true	cresta/flux-deployments
2024-09	28	4	true	cresta/director
2024-09	1	1	true	cresta/director
2024-09	45	30	false	cresta/director
2024-09	1	0	true	cresta/director
2024-09	6	0	true	cresta/cresta-proto
2024-09	1	1	true	cresta/director
2024-09	1422	193	false	cresta/go-servers
2024-09	35	2	true	cresta/go-servers
2024-09	13	17	true	cresta/director
2024-09	1	15	true	cresta/director
2024-09	1	5	true	cresta/director
2024-09	15	10	true	cresta/director
2024-09	329	169	true	cresta/director
2024-09	23	7	true	cresta/director
2024-09	13	9	true	cresta/director
2024-09	19	0	true	cresta/go-servers
2024-10	1	0	true	cresta/flux-deployments
2024-10	3	0	true	cresta/go-servers
2024-10	0	1	true	cresta/flux-deployments
2024-10	6	0	true	cresta/cresta-proto
2024-10	73	23	true	cresta/go-servers
2024-10	203	43	true	cresta/go-servers
2024-10	1	0	true	cresta/director
2024-10	289	48	true	xuanyuwang/go-db-examples
2024-10	6	0	true	cresta/flux-deployments
2024-10	4	7	false	cresta/director
2024-10	4	0	true	cresta/flux-deployments
2024-10	4	0	true	cresta/flux-deployments
2024-10	37	45	true	cresta/director
2024-10	6	2	true	cresta/go-servers
2024-10	83	11	true	cresta/go-servers
2024-10	7	0	true	cresta/cresta-proto
2024-10	1353	3	true	cresta/go-servers
2024-10	60	20	true	cresta/go-servers
2024-10	15	12	true	cresta/director
2024-10	24	33	true	cresta/director
2024-10	797	81	true	cresta/go-servers
2024-10	1	0	true	cresta/go-servers
2024-10	3	1	true	cresta/director
2024-10	29	0	true	cresta/config
2024-10	1	0	true	cresta/director
2024-10	2	0	true	cresta/flux-deployments
2024-10	1	1	true	cresta/go-servers
2024-10	9	9	true	cresta/go-servers
2024-10	4	0	true	cresta/flux-deployments
2024-10	166	40	true	cresta/go-servers
2024-10	3	0	true	cresta/go-servers
2024-10	3	2	true	cresta/go-servers
2024-10	1	5	true	cresta/sql-schema
2024-10	1	5	true	cresta/cresta-proto
2024-10	2	0	true	cresta/terraform
2024-10	3	19	true	cresta/sql-schema
2024-10	4	24	true	cresta/cresta-proto
2024-10	1	0	true	cresta/config
2024-10	0	2	true	cresta/go-servers
2024-10	0	2	true	cresta/python-ai-services
2024-10	66	17	true	cresta/go-servers
2024-10	12	2	true	cresta/go-servers
2024-10	2	0	true	cresta/cresta-proto
2024-10	28	25	false	cresta/chat-ai
2024-10	151	320	true	cresta/go-servers
2024-10	40	40	true	cresta/go-servers
2024-10	14	0	true	cresta/config
2024-10	26	23	false	cresta/chat-ai
2024-10	82	50	true	cresta/go-servers
2024-10	6	0	true	cresta/flux-deployments
2024-11	3	3	true	cresta/flux-deployments
2024-11	52	20	true	cresta/go-servers
2024-11	143	0	true	cresta/python-ai-services
2024-11	2	0	true	cresta/cresta-proto
2024-11	38	11	true	cresta/director
2024-11	2	0	true	cresta/sql-schema
2024-11	1	1	false	cresta/director
2024-11	1	0	true	cresta/config
2024-11	2	1	true	cresta/director
2024-11	1	1	true	cresta/flux-deployments
2024-11	6	1	true	cresta/cresta-proto
2024-11	1265	0	true	cresta/go-servers
2024-11	16	2	true	cresta/python-ai-services
2024-11	2	5	true	cresta/config
2024-11	2	5	true	cresta/go-servers
2024-11	28	12	true	cresta/python-ai-services
2024-11	1	1	true	cresta/flux-deployments
2024-11	17	14	false	cresta/go-servers
2024-11	94	22	false	cresta/cresta-proto
2024-11	143	0	true	cresta/go-servers
2024-11	140	181	true	cresta/go-servers
2024-11	8	1	true	cresta/python-ai-services
2024-11	9	3	true	cresta/director
2024-11	53	22	true	cresta/go-servers
2024-11	3	1	true	cresta/go-servers
2024-11	2	3	true	cresta/python-ai-services
2024-11	19	5	true	cresta/go-servers
2024-11	1	1	true	cresta/go-servers
2024-11	26	3	true	cresta/go-servers
2024-11	23	15	false	cresta/go-servers
2024-11	161	7	true	cresta/go-servers
2024-11	152	15	true	cresta/go-servers
2024-11	1	1	true	cresta/go-servers
2024-11	25	0	true	cresta/cresta-proto
2024-11	4	1	true	cresta/sql-schema
2024-11	46	0	true	cresta/shared-go
2024-11	16	27	true	cresta/go-servers
2024-11	468	180	true	cresta/go-servers
2024-11	67	0	true	cresta/go-servers
2024-12	598	64	true	cresta/go-servers
2024-12	610	22	false	cresta/go-servers
2024-12	140	1	true	cresta/cresta-proto
2024-12	902	59	false	cresta/go-servers
2024-12	21	43	true	cresta/go-servers
2024-12	349	85	true	cresta/go-servers
2024-12	13	0	false	cresta/cresta-proto
2024-12	1	0	false	cresta/sql-schema
2024-12	74	21	true	cresta/go-servers
2024-12	14	10	true	cresta/go-servers
2024-12	5	13	true	cresta/go-servers
2024-12	21	5	true	cresta/go-servers
2024-12	3	0	false	cresta/go-servers
2024-12	21	0	true	cresta/cresta-proto
2024-12	11	0	true	cresta/flux-deployments
2024-12	1	1	false	cresta/go-servers
2024-12	21	74	true	cresta/go-servers
2024-12	1028	151	false	cresta/go-servers
2024-12	47	0	true	cresta/go-servers
2024-12	24	13	true	cresta/go-servers
2024-12	6	4	true	cresta/cresta-proto
2024-12	2	0	true	cresta/director
2024-12	52	6	true	cresta/go-servers
2024-12	1028	130	true	cresta/go-servers
2024-12	904	128	true	cresta/go-servers
2025-01	126	36	true	cresta/go-servers
2025-01	4	0	true	cresta/cresta-proto
2025-01	1797	304	false	cresta/go-servers
2025-01	24	4	true	cresta/go-servers
2025-01	379	357	true	cresta/go-servers
2025-01	4	1	true	cresta/cresta-proto
2025-01	4	15	true	cresta/go-servers
2025-01	11	12	true	cresta/go-servers
2025-01	1975	0	true	cresta/go-servers
2025-01	2	1	true	cresta/go-servers
2025-01	166	31	true	cresta/go-servers
2025-01	4	1	false	cresta/cresta-proto
2025-01	188	11	true	cresta/go-servers
2025-01	79	8	true	cresta/go-servers
2025-01	181	53	true	cresta/go-servers
2025-01	14	6	true	cresta/go-servers
2025-01	9	1	true	cresta/go-servers
2025-01	2	1	true	cresta/go-servers
2025-01	12	2	true	cresta/cresta-proto
2025-01	117	27	false	cresta/go-servers
2025-02	8	3	true	cresta/director
2025-02	27	0	true	cresta/config
2025-02	1	0	true	cresta/config
2025-02	1	0	true	cresta/config
2025-02	13	3	true	cresta/go-servers
2025-02	322	108	true	cresta/go-servers
2025-03	86	5	false	cresta/cresta-proto
2025-03	23	0	true	cresta/sql-schema
2025-03	4	0	true	cresta/cresta-proto
2025-03	1316	6	true	cresta/sql-schema
2025-03	7	12	true	cresta/go-servers
2025-03	6	0	true	cresta/config
2025-03	2	0	false	cresta/config
2025-03	682	282	true	cresta/go-servers
2025-03	250	5	true	cresta/cresta-proto
2025-03	12	0	true	cresta/flux-deployments
2025-03	6	0	true	cresta/flux-deployments
2025-03	651	222	true	cresta/go-servers
2025-03	6	5	false	cresta/config
2025-03	1539	0	true	cresta/go-servers
2025-03	2	2	true	cresta/flux-deployments
2025-03	44	0	true	cresta/flux-deployments
2025-03	7	0	true	cresta/flux-deployments
2025-03	1	1	true	cresta/flux-deployments
2025-03	22	32	true	cresta/go-servers
2025-03	1	14	true	cresta/go-servers
2025-03	162	117	true	cresta/go-servers
2025-03	65	38	true	cresta/go-servers
2025-03	166	127	true	cresta/go-servers
2025-03	105	179	true	cresta/go-servers
2025-03	4	4	true	cresta/sql-schema
2025-03	174	112	true	cresta/go-servers
2025-03	332	0	true	cresta/go-servers
2025-03	1	0	true	cresta/go-servers
2025-03	3	0	true	cresta/cresta-proto
2025-03	21	24	true	cresta/go-servers
2025-03	16	0	true	cresta/cresta-proto
2025-03	522	32	true	cresta/go-servers
2025-03	16	16	true	cresta/go-servers
2025-03	128	6	true	cresta/go-servers
2025-04	9	0	true	cresta/cresta-proto
2025-04	1	0	true	cresta/sql-schema
2025-04	127	3	true	cresta/go-servers
2025-04	1	1	true	cresta/sql-schema
2025-04	3	0	true	cresta/cresta-proto
2025-04	28	4	true	cresta/go-servers
2025-04	126	0	true	cresta/go-servers
2025-04	39	2	true	cresta/go-servers
2025-04	37	6	true	cresta/config
2025-04	174	24	true	cresta/go-servers
2025-04	24	0	true	cresta/cresta-proto
2025-04	2	3	false	cresta/sql-schema
2025-04	44	26	true	cresta/go-servers
2025-04	357	14	true	cresta/go-servers
2025-04	466	393	true	cresta/go-servers
2025-04	390	288	false	cresta/go-servers
2025-04	286	288	true	cresta/go-servers
2025-04	808	58	true	cresta/go-servers
2025-04	4	1	true	cresta/sql-schema
2025-04	1	0	true	cresta/go-servers
2025-04	67	39	true	cresta/go-servers
2025-04	243	9	true	cresta/go-servers
2025-04	76	14	true	cresta/go-servers
2025-04	1	0	true	cresta/go-servers
2025-04	6	6	true	cresta/go-servers
2025-04	28	0	true	cresta/flux-deployments
2025-04	3	56	true	cresta/go-servers
2025-04	403	0	true	cresta/go-servers
2025-04	15	1	false	cresta/cresta-proto
2025-04	69	9	true	cresta/go-servers
2025-04	11	8	true	cresta/go-servers
2025-04	706	49	true	cresta/go-servers
2025-04	139	5	true	cresta/cresta-proto
2025-04	4	1	true	cresta/cresta-proto
2025-04	320	0	true	cresta/go-servers
2025-04	1796	67	true	cresta/go-servers
2025-04	2	0	true	cresta/cresta-proto
2025-04	2	0	true	cresta/sql-schema
2025-04	51	11	true	cresta/go-servers
2025-05	402	79	true	cresta/go-servers
2025-05	411	97	true	cresta/go-servers
2025-05	1	5	true	cresta/go-servers
2025-05	6	22	true	cresta/flux-deployments
2025-05	115	75	false	cresta/go-servers
2025-05	113	81	true	cresta/go-servers
2025-05	194	1	true	cresta/go-servers
2025-05	20	0	true	cresta/go-servers
2025-05	2	1	true	cresta/go-servers
2025-05	3	3	true	cresta/go-servers
2025-05	14	2	true	cresta/cresta-proto
2025-05	374	35	true	cresta/go-servers
2025-05	28	3	true	cresta/director
2025-05	193	76	true	cresta/go-servers
2025-05	12	5	true	cresta/go-servers
2025-05	5	1	true	cresta/go-servers
2025-05	68	18	true	cresta/go-servers
2025-05	62	0	true	cresta/go-servers
2025-05	4	0	false	cresta/cresta-proto
2025-05	331	17	true	cresta/go-servers
2025-05	6	0	true	cresta/flux-deployments
2025-05	8	12	true	cresta/go-servers
2025-05	3	1	true	cresta/director
2025-05	29	11	true	cresta/go-servers
2025-05	66	6	true	cresta/go-servers
2025-05	25	3	true	cresta/go-servers
2025-05	253	2	true	cresta/go-servers
2025-05	8	0	true	cresta/cresta-proto
2025-05	93	14	true	cresta/director
2025-05	18	1	true	cresta/go-servers
2025-05	14	2	true	cresta/go-servers
2025-05	4	4	true	cresta/flux-deployments
2025-05	0	0	false	cresta/config
2025-05	0	2	true	cresta/config
2025-05	0	2	true	cresta/config
2025-05	31	0	true	cresta/config
2025-05	10	0	true	cresta/flux-deployments
2025-06	269	0	true	cresta/go-servers
2025-06	1	1	true	cresta/go-servers
2025-06	1388	281	true	cresta/go-servers
2025-06	0	3	true	cresta/director
2025-06	382	35	true	cresta/go-servers
2025-06	59	4	true	cresta/go-servers
2025-06	48	41	true	cresta/go-servers
2025-09	21	3	true	cresta/cresta-proto
2025-09	6	0	true	cresta/cresta-proto
2025-09	3	10	true	cresta/director
2025-09	0	824	true	cresta/config
2025-09	20	2	true	cresta/go-servers
2025-09	9	3	true	cresta/cresta-proto
2025-09	161	97	true	cresta/go-servers
2025-09	38	1	true	cresta/go-servers
2025-09	259	8	true	cresta/go-servers
2025-09	300	16	true	cresta/go-servers
2025-09	87	7	true	cresta/go-servers
2025-09	71	61	true	cresta/go-servers
2025-10	12	12	true	cresta/go-servers
2025-10	35	2	true	cresta/cresta-proto
2025-10	516	0	false	cresta/go-servers
2025-10	290	0	true	cresta/go-servers
2025-10	10	2	true	cresta/cresta-proto
2025-10	235	6	true	cresta/go-servers
2025-10	539	0	true	cresta/go-servers
2025-10	24	1	true	cresta/python-ai-services
2025-10	0	9	true	cresta/go-servers
2025-11	118	1	true	cresta/python-ai-services
2025-11	104	2	true	cresta/go-servers
2025-11	1	1	true	cresta/flux-deployments
2025-11	282	136	false	cresta/go-servers
2025-11	12	12	true	cresta/go-servers
2025-11	2	0	true	cresta/flux-deployments
2025-11	4	0	true	cresta/cresta-proto
2025-11	231	3	true	cresta/go-servers
2025-11	2657	79	true	cresta/go-servers
2025-11	420	0	false	cresta/historic-analytics
2025-11	2	0	false	cresta/historic-analytics
2025-11	1288	26	false	cresta/go-servers
2025-11	593	0	true	cresta/go-servers
2025-11	66	0	true	cresta/flux-deployments
2025-11	184	37	true	cresta/go-servers
2025-12	37	0	true	cresta/go-servers
2025-12	104	236	true	cresta/go-servers
2025-12	79	885	true	cresta/go-servers
2025-12	0	6	true	cresta/flux-deployments
2025-12	11	2	true	cresta/director
2025-12	0	6	true	cresta/flux-deployments
2025-12	1	13	true	cresta/director
2025-12	40	0	true	cresta/cresta-proto
2025-12	353	37	true	cresta/go-servers
2025-12	1826	50	true	cresta/go-servers
2025-12	106	45	true	cresta/director
2025-12	43	23	true	cresta/go-servers
2025-12	4	14	true	cresta/go-servers
2025-12	0	22	true	cresta/flux-deployments
2026-01	534	9	false	cresta/go-servers
2026-01	6	0	true	cresta/flux-deployments
2026-01	22	1	true	cresta/go-servers
2026-01	2	4	true	cresta/director
2026-01	12	0	true	cresta/cresta-proto
2026-01	495	77	true	cresta/go-servers
2026-01	38	22	true	cresta/director
2026-01	3	3	true	cresta/flux-deployments
2026-01	3	3	true	cresta/flux-deployments
2026-01	3	3	true	cresta/flux-deployments
2026-01	88	29	true	cresta/go-servers
2026-01	89	30	true	cresta/go-servers
2026-01	89	30	true	cresta/go-servers
2026-01	84	28	true	cresta/go-servers
2026-01	89	30	true	cresta/go-servers
2026-01	88	29	true	cresta/go-servers
2026-01	84	28	true	cresta/go-servers
2026-01	84	28	true	cresta/go-servers
2026-01	84	28	true	cresta/go-servers
2026-01	109	36	true	cresta/go-servers
2026-01	87	29	true	cresta/go-servers
2026-01	22	5	true	cresta/director
2026-01	170	0	true	cresta/go-servers
2026-01	12	12	true	cresta/go-servers
2026-01	6	0	true	cresta/flux-deployments
2026-01	3	3	true	cresta/flux-deployments
2026-01	15	12	false	cresta/director
2026-01	32	6	true	cresta/go-servers
2026-01	207	3	false	cresta/go-servers
2026-01	2	0	true	cresta/flux-deployments
2026-01	0	2	true	cresta/flux-deployments
2026-01	173	3	true	cresta/go-servers
2026-01	13	13	true	cresta/go-servers
2026-01	9	2	true	cresta/go-servers
2026-01	3	3	false	cresta/flux-deployments
2026-01	26	19	true	cresta/director
2026-01	2	0	true	cresta/flux-deployments
2026-01	1	1	true	cresta/director
2026-01	2	0	true	cresta/flux-deployments
2026-01	2	0	true	cresta/flux-deployments
2026-01	4	0	true	cresta/flux-deployments
2026-01	0	8	true	cresta/flux-deployments
2026-01	8	0	true	cresta/flux-deployments
2026-01	415	0	false	cresta/go-servers
2026-01	16	0	false	cresta/flux-deployments
2026-01	10	2	false	cresta/director
2026-01	341	54	true	cresta/go-servers
2026-01	351	54	false	cresta/go-servers
2026-02	561	117	false	cresta/go-servers
2026-02	78	0	true	cresta/go-servers
2026-02	0	78	true	cresta/go-servers
2026-02	120	0	true	cresta/go-servers
2026-02	346	8	false	cresta/director
2026-02	14	0	true	cresta/cresta-proto
2026-02	4	0	false	cresta/config
2026-02	187	7	false	cresta/go-servers
